RazaoSocial;UF;TotalDespesas;MediaTrimestral;DesvioPadrao
BRADESCO SAÃDE S.A.;RJ;308023633370.49;1488036876.19;3759321295.86
SUL AMERICA COMPANHIA DE SEGURO SAÃDE;RJ;207617589363.77;654945076.86;1878386841.68
AMIL ASSISTÃNCIA MÃDICA INTERNACIONAL S.A.;SP;199486840771.04;452351112.86;1500246183.96
HAPVIDA ASSISTENCIA MEDICA S.A.;CE;93097393516.44;140630503.8;555489971.74
NOTRE DAME INTERMÃDICA SAÃDE S.A.;SP;92285289523.69;269053322.23;749727190.44
CAIXA DE ASSISTÃNCIA DOS FUNCIONÃRIOS DO BANCO DO BRASIL;DF;71084640817.08;401608140.21;1117002416.78
UNIMED NACIONAL - COOPERATIVA CENTRAL;SP;68675074872.66;144579105.0;450465784.5
PREVENT SENIOR PRIVATE OPERADORA DE SAÃDE LTDA;SP;52644153527.05;408094213.39;820617936.28
UNIMED BELO HORIZONTE COOPERATIVA DE TRABALHO MÃDICO;MG;52538660492.73;72768227.83;285372110.95
PORTO SEGURO - SEGURO SAÃDE S/A;SP;50291626176.44;252721739.58;638597215.8
UNIMED SEGUROS SAÃDE S/A;SP;47590674125.0;146884796.68;432933757.98
UNIMED DO EST. DO RJ FEDERAÃÃO EST. DAS COOPERATIVAS MÃDICAS;RJ;43888784457.17;284992106.86;547259232.43
UNIMED DE CIANORTE - COOPERATIVA DE TRABALHO MEDICO ;PR;43209784697.3;207739349.51;1701893622.8
GEAP AUTOGESTÃO EM SAÃDE;DF;38814098889.46;206457972.82;563759759.12
UNIMED PORTO ALEGRE - COOPERATIVA MÃDICA LTDA.;RS;35180783639.39;73599965.77;247456861.49
UNIMED CURITIBA - SOCIEDADE COOPERATIVA DE MÃDICOS;PR;31145690383.97;60359865.09;207698624.51
UNIMED CAMPINAS - COOPERATIVA DE TRABALHO MÃDICO;SP;30138195653.44;55503122.75;201752940.01
UNIMED DE FORTALEZA SOCIEDADE COOPERATIVA MÃDICA LTDA.;CE;24548206621.13;56046133.84;169810175.33
UNIMED GOIANIA COOPERATIVA DE TRABALHO MÃDICO;GO;23009725095.36;81594769.84;233602698.01
OMINT SERVIÃOS DE SAÃDE S.A.;SP;21535405066.1;98786261.77;272681464.35
FUNDAÃÃO SAÃDE ITAÃ;MG;20374436399.27;210045736.07;308651324.91
GRUPO HOSPITALAR DO RIO DE JANEIRO LTDA;RJ;19043350333.03;77727960.54;218515160.36
CARE PLUS MEDICINA ASSISTENCIAL LTDA.;SP;18185051318.89;606168377.3;590944876.85
UNIMED VITORIA COOPERATIVA DE TRABALHO MEDICO;ES;17709371828.27;39266899.84;123215735.47
SERV  SOCIAL AUTÃNOMO DE ASSIST Ã SAÃDE DOS SERV PÃBLICOS E MILITARES DE GOIÃS;GO;17101823658.8;208558825.11;510386005.34
UNIMED FRANCISCO BELTRAO COOPERATIVA DE TRABALHO MEDICO;PR;16028257683.06;69992391.63;628434169.67
FUNDAÃÃO CESP;SP;14583463066.77;107231346.08;220907420.3
UNIMED RECIFE COOPERATIVA DE TRABALHO MÃDICO;PE;14294656510.32;82628072.31;159460802.21
UNIMED BELÃM COOPERATIVA DE TRABALHO MÃDICO;PA;14002949048.22;61959951.54;156808434.95
SAMEDIL SERVIÃOS DE ATENDIMENTO MÃDICO S/A;ES;13336867145.28;118025372.97;186060231.12
FUNDAÃÃO ASSISTENCIAL DOS SERVIDORES DO MINISTÃRIO DA FAZENDA;DF;12624430189.87;87065035.79;213693515.36
UNIMED DO ESTADO DE SÃO PAULO - FEDERAÃÃO ESTADUAL DAS COOP. MÃDICAS;SP;12601048625.47;61769846.2;152689559.82
UNIMED SAO JOSÃ DO RIO PRETO - COOP. DE TRABALHO MÃDICO;SP;12447759740.8;33733766.24;97389989.16
UNIMED GRANDE FLORIANÃPOLIS-COOPERATIVA DE TRABALHO MEDICO;SC;12361261555.24;21312519.92;68880387.48
UNIMED CUIABA COOPERATIVA DE TRABALHO MÃDICO;MT;12356748236.06;21158815.47;79898679.93
CAIXA BENEFICENTE DOS FUNCIONARIOS DO BANCO DO ESTADO DE SÃO PAULO;SP;10703089922.6;51457163.09;126839244.98
UNIMED NATAL SOC. COOP. DE TRAB. MÃDICO;RN;10363969390.01;32286509.0;89086457.8
UNIMED SOROCABA COOPERATIVA DE TRABALHO MÃDICO;SP;10120884747.95;50858717.33;107636264.22
UNIMED DE LONDRINA COOPERATIVA DE TRABALHO MÃDICO;PR;9737091948.49;28471029.09;74139023.87
UNIMED SERRA GAUCHA/RS COOPERATIVA DE ASSISTENCIA A SAUDE LTDA;RS;9521594033.74;26746050.66;72861317.43
UNIMED JOAO PESSOA - COOPERATIVA DE TRABALHO MÃDICO;PB;9377269427.59;46886347.14;122953530.1
UNIMED MACEIO COOPERATIVA DE TRABALHO MÃDICO;AL;9341325637.48;21523791.79;70514667.47
HUMANA SAÃDE NORDESTE LTDA. ;PI;9062138374.46;23176824.49;66112416.28
BRADESCO SAÃDE - OPERADORA DE PLANOS  S/A;SP;8958276485.74;597218432.38;828829402.2
UNIMED-SÃO GONÃALO - NITERÃI - SOC.COOP.SERV.MED E HOSP LTDA;RJ;8929750270.31;22838235.99;61517151.24
NOTRE DAME INTERMÃDICA MINAS GERAIS SAÃDE S.A.;CE;8765163694.18;19966204.31;66211928.49
ASSOCIAÃÃO PETROBRAS DE SAÃDE - APS;RJ;8693316316.57;120740504.4;541913257.66
UNIMED DE RIBEIRAO PRETO - COOPERATIVA DE TRABALHO MÃDICO;SP;8331080157.5;29542837.44;65482829.49
CAIXA DE ASSISTENCIA DOS SERVIDORES DO ESTADO DE MATO GROSSO DO SUL;MS;8263829350.91;114775407.65;187193263.03
UNIMED CAMPO GRANDE MS COOPERATIVA DE TRABALHO MÃDICO;MS;8174900667.26;25869938.82;65734032.41
SANTA HELENA ASSISTÃNCIA MÃDICA S/A.;SP;7994977284.71;37890887.61;75990325.13
UNIMED DE SANTOS COOP DE TRAB MEDICO;SP;7968763208.36;18928178.64;61457720.13
UNIMED REGIONAL MARINGÃ COOP.DE TRABALHO MÃDICO;PR;7831203725.01;19241286.79;55652679.04
SUL AMÃRICA PARANÃ CLÃNICAS SERVIÃOS DE SAÃDE S.A.;SP;7678122272.9;61920340.91;378938459.19
CENTRO TRASMONTANO DE SAO PAULO;SP;7183817528.83;99775243.46;128717351.21
UNIMED UBERLÃNDIA COOPERATIVA REGIONAL TRABALHO MÃDICO LTDA;MG;7097573914.37;22042155.01;59268926.85
SAMP ESPIRITO SANTO ASSISTENCIA MEDICA SA;ES;6935435723.25;19001193.76;56445708.2
UNIMED BLUMENAU - COOPERATIVA DE TRABALHO MEDICO;SC;6849871368.74;12059632.69;41179837.52
UNIMED DO ESTADO DO PARANÃ FEDERAÃÃO ESTADUAL DAS COOPERATIVAS MÃDICAS;PR;6827618870.51;10941696.91;43510476.26
ODONTOPREV S/A;SP;6764104539.22;71201100.41;145272894.33
CLINIPAM CLINICA PARANAENSE DE ASSISTENCIA MEDICA LTDA;CE;6761548906.57;17793549.75;49105281.15
FUNDAÃÃO SÃO FRANCISCO XAVIER;MG;6369521910.25;35386232.83;75628349.81
UNIMED DO ESTADO DE SANTA CATARINA FED. EST. DAS COOP. MÃD.;SC;6255298270.83;10373628.97;37427514.83
ASSOCIAÃÃO DE BENEFICÃNCIA E FILANTROPIA SÃO CRISTOVÃO;SP;6199551014.05;38990886.88;86399376.05
UNIMED SAO JOSE DOS CAMPOS - COOPERATIVA DE TRABALHO MEDICO;SP;6193015725.99;17060649.38;47875056.64
UNIMED DE PIRACICABA SOCIEDADE COOPERATIVA DE SERVIÃOS MÃDICOS;SP;6015382900.33;9640036.7;33177916.39
UNIMED DE JOINVILLE COOPERATIVA DE TRABALHO MÃDICO;SC;5804532932.04;18310829.44;45121248.11
UNIMED - COOPERATIVA DE SERVIÃOS DE SAÃDE DOS VALES DO TAQUARI E RIO PARDO LTDA.;RS;5571138490.49;13328082.51;37538160.26
UNIMED DIVINOPOLIS - COOPERATIVA DE TRABALHO MEDICO LTDA;MG;5527267806.58;11098931.34;39919372.44
UNIMED LITORAL COOPERATIVA DE TRABALHO MÃDICO LTDA;SC;5443367995.07;16346450.44;45119497.02
UNIMED JUIZ DE FORA COOPERATIVA DE TRABALHO MÃDICO LTDA;MG;5283624897.25;9237106.46;30177862.03
UNIMED DE BAURU COOPERATIVA DE TRABALHO MÃDICO;SP;5225215147.36;7089844.16;27706322.94
UNIMED SERGIPE - COOPERATIVA DE TRABALHO MÃDICO;SE;5196608110.02;16549707.36;46543822.65
CEMIG SAÃDE;MG;5174933418.39;53905556.44;113840802.07
SINDIFISCO NACIONAL - SINDICATO NACIONAL DOS AUDITORES-FISCAIS DA RECEITA FEDERAL DO BRASIL;DF;5047565972.64;34105175.49;73307264.98
UNIMED TERESINA - COOPERATIVA DE TRABALHO MÃDICO;PI;4996695610.2;16995563.3;45968617.1
UNIMED DE CASCAVEL COOPERATIVA DE TRABALHO MÃDICO;PR;4980286163.96;13351973.63;39675946.61
UNIMED SÃO CARLOS - COOPERATIVA DE TRABALHO MÃDICO;SP;4738026896.28;17355409.88;40518710.13
ASSOCIAÃÃO SANTA CASA SAÃDE DE SÃO JOSÃ DOS CAMPOS;SP;4471113262.97;46574096.49;94346126.39
UNIMED DE PRESIDENTE PRUDENTE COOPERATIVA DE TRAB. MÃDICO;SP;4360614913.93;9103580.2;29342517.28
PLANO HOSPITAL SAMARITANO LTDA;SP;4330115962.88;51548999.56;97066243.53
PASA - PLANO DE ASSISTENCIA A SAUDE DO APOSENTADO DA VALE;RJ;4303937999.11;46278903.22;99360706.58
UNIMED DE MACAÃ COOPERATIVA DE ASSISTÃNCIA Ã SAÃDE;RJ;4212010569.3;14181853.77;32663712.88
UNIMED VALE DO SINOS - COOPERATIVA DE ASSISTÃNCIA Ã SAÃDE LTDA;RS;4110155026.66;13344659.18;36394074.38
CAIXA DE ASSISTÃNCIA DOS FUNCIONÃRIOS DO BANCO DO NORDESTE DO BRASIL;CE;4100344469.99;25310768.33;65630711.74
UNIMED JUNDIAI - COOPERATIVA DE TRABALHO MÃDICO;SP;4086093377.06;10240835.53;30074140.18
UNIMED DE VOLTA REDONDA COOPERATIVA DE TRABALHO MÃDICO;RJ;4056723620.44;14385544.75;35562719.54
UNIMED NORTE DO MATO GROSSO COOPERATIVA DE TRABALHO MÃDICO;MT;3965458522.81;13865239.59;40196932.71
UNIMED CARUARU-COOPERATIVA DE TRABALHO MEDICO;PE;3915292095.81;16178892.96;37264060.0
UNIMED SUL CAPIXABA COOPERATIVA DE TRABALHO MÃDICO;ES;3840652859.33;10728080.61;31152324.07
INSTITUTO CURITIBA DE SAÃDE;PR;3810448966.22;84676643.69;119501445.19
CENTRO CLÃNICO GAÃCHO LTDA;CE;3773376981.7;11196964.34;29372884.12
UNIMED NOVA FRIBURGO-SOC.COOP.SERV.MED.HOSP.LTDA.;RJ;3746017482.62;11148861.56;26829536.65
ALICE OPERADORA LTDA.;SP;3725946050.21;32120224.57;50177000.34
UNIMED DE SANTA BÃRBARA D'OESTE E AMERICANA - COOP DE TRABALHO MÃDICO;SP;3677847584.77;9194618.96;26514941.71
UNIMED UBERABA COOPERATIVA DE TRABALHO MEDICO LTDA.;MG;3658373870.88;9703909.47;26857151.66
Operadora Não Identificada;N/I;3640105287.31;6190655.25;18610699.36
UNIMED VALE DO SÃO FRANCISCO COOPERATIVA DE TRABALHO MÃDICO;PE;3561366935.51;11831783.84;30212371.28
SOBAM CENTRO MÃDICO HOSPITALAR S.A.;SP;3451351546.36;17699238.7;50019819.11
SAMEL PLANO DE SAÃDE LTDA;AM;3448147409.26;76625497.98;99422980.14
HUMANA SAÃDE LTDA.;PR;3444327542.34;9334220.98;26265601.62
POSTAL SAÃDE CAIXA DE ASSISTÃNCIA E SAÃDE DOS EMPREGADOS DOS CORREIOS;DF;3421419413.09;58989989.88;218952272.03
LEVE SAUDE OPERADORA DE PLANOS DE SAUDE S.A;RJ;3355743686.79;14718174.06;32595129.8
UNIMED NOVA IGUACU COOPERATIVA DE TRABALHO MEDICO;RJ;3335070446.38;16510249.73;40167967.8
UNIMED PONTA GROSSA COOPERATIVA DE TRABALHO MEDICO;PR;3322724859.76;11866874.5;26795924.58
UNIMED DE MARILIA COOPERATIVA DE TRABALHO MÃDICO;SP;3319417786.99;6057331.73;23644208.57
UNIMED REGIONAL DA BAIXA MOGIANA - COOPERATIVA DE TRABALHO MÃDICO;SP;3287865340.01;8652277.21;29582902.46
UNIMED DE ARARAQUARA - COOP. DE TRAB. MÃDICO;SP;3278569525.83;17255629.08;35499170.09
UNIMED FRANCA - SOCIEDADE COOPERATIVA DE SERVIÃOS MÃDICOS E HOSPITALARES;SP;3249763342.45;5741631.35;21131309.73
QUALLITY PRÃ SAÃDE PLANO DE ASSISTÃNCIA MÃDICA LTDA.;DF;3215343833.73;23299593.0;51544430.56
FUNDAÃÃO COPEL DE PREVIDÃNCIA E ASSISTÃNCIA SOCIAL;PR;3161517159.38;20396884.9;47681823.67
METRUS INSTITUTO DE SEGURIDADE SOCIAL;SP;3115363254.28;33862644.07;70802340.25
REAL GRANDEZA - FUNDAÃÃO DE PREVIDÃNCIA E ASSISTÃNCIA SOCIAL;RJ;3093891778.47;13109710.93;34485129.41
ASSOCIACAO DOS AUDITORES FISCAIS DA RECEITA ESTADUAL DE SAO PAULO;SP;3069939525.69;39869344.49;78295716.63
DOCTOR CLIN OPERADORA DE PLANOS DE SAÃDE LTDA.;RS;3015917230.33;15309224.52;49216863.12
UNIMED DE CRICIÃMA COOPERATIVA DE TRABALHO MÃDICO DA REGIÃO CARBONÃFERA;SC;3012254517.37;4866323.94;18921524.89
ASSOCIAÃÃO DE SAÃDE PORTUGUESA DE BENEFICÃNCIA;SP;3007608533.72;35804863.5;45874365.96
COOPERATIVA CENTRAL UNIMED DE COOPERATIVAS DE ASSISTÃNCIA Ã SAÃDE DO RIO GRANDE DO SUL LTDA.;RS;3003635133.3;7681931.29;26405529.1
ITAUSEG SAÃDE S.A.;SP;2967682903.03;64514845.72;83776248.82
ASSOCIAÃÃO SANTA SAÃDE;SP;2960614700.24;21147247.86;48052890.37
FUNDAÃÃO CHESF DE ASSISTÃNCIA E SEGURIDADE SOCIAL;PE;2956370661.5;28155911.06;66730859.98
UNIMED DO CEARÃ - FEDERAÃÃO DAS SOCIEDADES COOPERATIVAS MÃDICAS DO ESTADO DO CEARÃ LTDA.;CE;2931997986.07;20082177.99;39353471.03
UNIMED CAMPINA GRANDE - COOPERATIVA DE TRABALHO MEDICO LTDA;PB;2861272167.25;24248069.21;43881185.27
CAIXA DE PREVIDÃNCIA E ASSISTÃNCIA DOS SERVIDORES DA FUNDAÃÃO NACIONAL DE SAÃDE - CAPESESP;RJ;2847074830.08;37960997.73;73662382.49
BENSAUDE PLANO DE ASSISTENCIA MEDICA HOSPITALAR LTDA.;SP;2813398726.12;21809292.45;50787115.39
UNIMED GOVERNADOR VALADARES COOP. DE TRABALHO MÃDICO LTDA.;MG;2806372501.46;9141278.51;24586850.98
COOPERATIVA DE TRABALHO MÃDICO DE POUSO ALEGRE;MG;2788112605.5;6750877.98;21849405.1
ALVORECER - ASSOCIAÃÃO DE SOCORROS MÃTUOS;SP;2787944369.97;47253294.41;66576472.72
H.B. SAÃDE S/A.;SP;2781586656.87;29279859.55;56472962.0
SERVIÃO SOCIAL DA INDÃSTRIA DO PAPEL, PAPELÃO E CORTIÃA DO ESTADO DE SÃO PAULO - SEPACO;SP;2653365110.43;35378201.47;48858799.03
UNIMED SANTA MARIA/RS - COOPERATIVA DE ASSISTÃNCIA Ã SAÃDE LTDA;RS;2652031277.75;7869529.01;21931446.26
PROMÃDICA - PROTEÃÃO MEDICA A EMPRESAS S.A.;BA;2645057355.38;51863869.71;70216015.77
UNIMED SALTO/ITU - COOPERATIVA MÃDICA;SP;2625105283.28;5694371.55;17663191.57
UNIMED PORTO VELHO - SOCIEDADE COOPERATIVA MÃDICA LTDA;RO;2590706110.18;10199630.36;21602971.01
PLANO DE SAÃDE ANA COSTA LTDA.;SP;2557876671.27;13322274.33;37218463.6
KLINI PLANOS DE SAÃDE LTDA;RJ;2473667969.08;41227799.48;54704735.02
UNIMED CHAPECÃ - COOPERATIVA DE TRABALHO MÃDICO DA REGIÃO OESTE CATARINENSE;SC;2457358397.93;10970349.99;23630350.85
CIRCULO OPERARIO CAXIENSE;RS;2449540380.09;11288204.52;25071436.98
CAIXA DE ASSISTÃNCIA DOS EMPREGADOS DO BANCO DO ESTADO DO RIO GRANDE DO SUL;RS;2447764825.2;18131591.3;39997748.07
UNIMED ANHANGUERA COOPERATIVA DE TRABALHO MÃDICO;SP;2432398900.98;10575647.4;24949656.2
UNIMED DE CAMPOS COOPERATIVA DE TRABALHO MÃDICO;RJ;2409712520.99;9025140.53;20638288.13
MEDISERVICE OPERADORA DE PLANOS DE SAÃDE S.A.;SP;2371371135.61;51551546.43;88677353.68
UNIMED DE GUARULHOS COOPERATIVA DE TRABALHO MÃDICO;SP;2370120446.65;7270308.12;18437592.28
BIOVIDA SAÃDE LTDA.;SP;2361761545.11;52483589.89;63520009.1
UNIMED RONDONOPOLIS COOPERATIVA DE TRABALHO MÃDICO LTDA;MT;2350843297.5;5583950.83;17013273.92
UNIMED PATOS DE MINAS COOPERATIVA TRABALHO MÃDICO LTDA.;MG;2345469699.4;8087826.55;21910888.71
AUSTACLINICAS ASSISTÃNCIA MÃDICA E HOSPITALAR LTDA;SP;2312028762.95;12232956.42;25991551.93
2CARE OPERADORA DE SAÃDE LTDA.;SP;2311214591.69;18790362.53;40893513.03
CAIXA DE ASSISTÃNCIA Ã SAÃDE - CABERJ;RJ;2292707622.03;13101186.41;28173898.53
UNIMED DE BOTUCATU COOPERATIVA DE TRABALHO MÃDICO;SP;2237393764.12;10603761.92;24159143.83
UNIMED LESTE PAULISTA COOPERATIVA DE TRABALHO MÃDICO;SP;2206673689.06;4251779.75;15415773.7
UNIMED DO SUDOESTE COOPERATIVA DE TRABALHO MEDICO LTDA;BA;2204097159.59;7446274.19;17744844.07
INTEGRA ASSISTENCIA MEDICA SA;SP;2200951222.48;56434646.73;65208382.79
UNIMED DE LIMEIRA COOPERATIVA DE TRABALHO MÃDICO;SP;2198970592.81;7257328.69;19865294.97
UNIMED AMPARO COOPERATIVA DE TRABALHO MÃDICO;SP;2190246476.8;6257847.08;16040822.45
ASSOCIAÃÃO DR. BARTHOLOMEU TACCHINI;RS;2175994020.94;12434251.55;26966634.98
NOSSA SAÃDE - OPERADORA PLANOS PRIVADOS DE ASSISTÃNCIA  Ã SAÃDE LTDA.;PR;2142240458.6;11901335.88;23708818.17
UNIMED RIO VERDE COOPERATIVA TRABALHO MEDICO;GO;2080121496.88;6956928.08;17554945.74
UNIMED DE BEBEDOURO COOPERATIVA DE TRABALHO MÃDICO;SP;2071585304.44;7560530.31;17503302.65
FUNDAÃÃO CELESC DE SEGURIDADE SOCIAL - CELOS;SC;2068668914.71;12027144.85;27451123.44
UNIMED COSTA OESTE - COOPERATIVA DE TRABALHO MÃDICO;PR;2065451418.14;5364808.88;14260632.29
UNIMED VALE DO SEPOTUBA - COOPERATIVA DE TRABALHO MÃDICO;MT;2033946824.25;6582352.18;16698596.08
UNIMED CENTRO RONDÃNIA COOPERATIVA DE TRABALHO MÃDICO;RO;2027330994.76;6375254.7;17631554.37
AMPLA PLANOS DE SAUDE LTDA;RJ;2026062504.92;67535416.83;72616127.53
PLENA SAÃDE S.A.;SP;2004841433.76;10836980.72;24499333.33
UNIMED PELOTAS/RS - COOPERATIVA DE ASSISTÃNCIA Ã SAÃDE LTDA.;RS;1969659355.1;9608094.42;19196191.07
LIV LINHAS INTELIGENTES DE ATENÃÃO Ã VIDA S/A;SP;1920381889.2;5801757.97;16555968.64
ASSOCIAÃÃO ASSISTENCIAL DE SAÃDE SUPLEMENTAR CRUZ AZUL SAÃDE;SP;1914785001.18;42550777.8;52770981.26
CAIXA DE ASSISTÃNCIA DOS EMPREGADOS DA EMPRESA BRASILEIRA DE PESQUISA  AGROPECUÃRIA;DF;1884824808.65;29917854.11;35634371.79
PROASA SAÃDE;DF;1875690597.8;15249517.06;29768251.61
SERMED-SAÃDE LTDA.;SP;1866231704.52;7177814.25;22153024.81
UNIMED NOROESTE/RS - SOCIEDADE COOPERATIVA DE ASSISTÃNCIA Ã SAÃDE LTDA.;RS;1860689243.57;5083850.39;13877927.38
S.P.A SAUDE- SISTEMA DE PROMOÃÃO ASSISTENCIAL;SP;1849804291.2;16816402.65;28300455.27
ASSOCIAÃÃO EVANGELICA BENEFICENTE DE LONDRINA;PR;1841664213.12;6200889.61;16360221.66
UNIMED DE TUBARAO - COOPERATIVA DE TRABALHO MEDICO DA REGIAO DA AMUREL;SC;1818325707.14;3276262.54;10751787.88
IRMANDADE DA SANTA CASA DE MISERICÃRDIA DE PIRACICABA;SP;1803811536.19;28631929.15;46035653.43
ABERTTA SAÃDE - ASSOCIAÃÃO BENEFICENTE DOS EMPREGADOS DA ARCELORMITTAL NO BRASIL;MG;1791051386.75;7925006.14;18097122.98
UNIMED NOROESTE CAPIXABA COOPERATIVA DE TRABALHO MÃDICO.;ES;1780980353.63;8283629.55;15941394.1
UNIMED RIO BRANCO COOPERATIVA DE TRABALHO MEDICO LTDA;AC;1777555264.89;4804203.42;13324359.33
UNIMED DE DOURADOS COOPERATIVA DE TRABALHO MÃDICO LTDA;MS;1777266541.68;5136608.5;12885541.54
SÃO LUCAS SAÃDE S/A;SP;1771778388.29;19258460.74;37170104.72
UNIÃO MÃDICA PLANOS DE SAÃDE S/A;BA;1751568983.93;12163673.5;20194152.48
UNIMED DE ARACATUBA - COOPERATIVA DE TRABALHO MÃDICO;SP;1737277481.22;4524160.11;13055831.0
UNIMED DE RIO CLARO SP COOPERATIVA DE TRABALHO MEDICO;SP;1719218005.88;3064559.73;11166475.85
UNIMED PATO BRANCO SOCIEDADE COOPERATIVA DE MÃDICOS;PR;1706877325.88;4343199.3;13859402.94
FUNDAÃÃO SANEPAR DE ASSISTÃNCIA SOCIAL;PR;1697659088.56;15023531.76;35305221.25
UNIMED REGIONAL JAU - COOPERATIVA DE TRABALHO MÃDICO;SP;1689488346.76;4192278.78;12883223.19
UNIMED PLANALTO MÃDIO/RS - COOPERATIVA DE ASSISTÃNCIA Ã SAÃDE LTDA.;RS;1674618451.39;9051991.63;14361820.94
FUNDAÃÃO AFFEMG DE ASSISTÃNCIA E SAÃDE - FUNDAFFEMG;MG;1667164679.07;19162812.4;31871529.82
LIFE EMPRESARIAL SAÃDE LTDA.;SP;1651318261.92;14235502.26;32189551.92
ASSOCIAÃÃO DE ASSISTÃNCIA Ã SAÃDE DOS EMPREGADOS DA COPASA;MG;1649064292.51;11218124.44;24172648.86
SAUDE PAS - MEDICINA E ODONTO;RS;1630919016.87;27181983.61;43316815.21
CAIXA DE ASSISTÃNCIA OSWALDO CRUZ;RJ;1615219601.49;15835486.29;31429075.21
UNIMED PETROPOLIS-RJ COOPERATIVA DE TRABALHO MÃDICO;RJ;1611258211.03;5693491.91;15078538.54
PLANO DE SAÃDE DA SANTA CASA DE BRAGANÃA PAULISTA;SP;1610310879.77;10735405.87;22506168.57
UNIMED DE OURINHOS - COOPERATIVA DE TRABALHO MÃDICO;SP;1565145284.37;6864672.3;14747149.09
UNIMED DO CARIRI - SOCIEDADE COOPERATIVA MÃDICA LTDA;CE;1543735534.12;10291570.23;21861434.23
UNIMED MARANHÃO DO SUL - COOPERATIVA DE TRABALHO MÃDICO;MA;1543080944.16;5213111.3;13106772.06
SANTA CASA DE MISERICÃRDIA DE JUIZ DE FORA;MG;1525340633.61;8200756.09;17681297.12
ECONOMUS INSTITUTO DE SEGURIDADE SOCIAL;SP;1502970239.21;11561309.53;22347450.92
UNIMED REGIONAL DE CAMPO MOURÃO COOP TRAB MEDICO ;PR;1492247882.51;6243714.99;13940772.9
UNIMED CENTRO OESTE PAULISTA - FEDERAÃÃO INTRAFEDERATIVA DAS COOPERATIVAS MÃDICAS;SP;1476469887.06;17577022.46;25327544.82
CABERJ INTEGRAL SAÃDE S.A;RJ;1463581691.2;9204916.3;18734596.65
POLICLIN SAÃDE S/A.;SP;1449636718.83;13178515.63;29955320.61
UNIMED ANÃPOLIS COOPERATIVA DE TRABALHO MÃDICO.;GO;1446528762.36;3502490.95;10569252.05
OPERADORA UNIESTE DE PLANOS DE SAÃDE LTDA;RJ;1431028438.11;11093243.71;20545993.24
UNIMED VARGINHA COOPERATIVA DE TRABALHO MÃDICO;MG;1428093851.95;4262966.72;10762289.39
UNIHOSP SAÃDE LTDA;SP;1425429688.76;27949601.74;36701790.63
MED-TOUR ADMINISTRADORA DE BENEFÃCIOS E EMPREENDIMENTOS LTDA.;SP;1399973418.56;18918559.71;30038654.17
MÃTUA DOS MAGISTRADOS DO ESTADO DO RIO DE JANEIRO;RJ;1390777245.21;28974525.94;29711204.95
UNIMED ARARUAMA COOPERATIVA DE TRABALHO MÃDICO LTDA;RJ;1380789540.27;3460625.41;9862835.97
UNIMED ENCOSTA DA SERRA/RS SOCIEDADE COOPERATIVA DE SERVIÃOS DE SAÃDE LTDA.;RS;1374707735.69;6484470.45;13562779.95
UNIMED PALMAS COOPERATIVA DE TRABALHO MÃDICO;TO;1358215398.57;4527384.66;10315141.04
UNIMED TEOFILO OTONI COOPERATIVA DE TRABALHO MÃDICO;MG;1331907256.89;9513623.26;16698839.4
UNIMED COSTA DO DESCOBRIMENTO COOPERATIVA DE TRABALHO MÃDICO;BA;1314095745.95;5320225.69;13341237.6
UNIMED MONTES CLAROS COOPERATIVA DE  TRABALHO MÃDICO LTDA.;MG;1305812802.57;5022356.93;12142630.32
GAMA SAUDE LTDA.;SP;1287143354.83;37857157.5;121017613.31
UNIMED NORTE CAPIXABA- COOPERATIVA DE TRABALHO MÃDICO;ES;1273617745.96;3847787.75;10869117.58
UNIMED METROPOLITANA DO AGRESTE - COOPERATIVA DE TRABALHO MÃDICO;AL;1270812896.82;4236042.99;10957550.46
UNIMED CONSELHEIRO LAFAIETE COOPERATIVA DE TRABALHO MÃDICO LTDA;MG;1264321242.9;2841171.33;8405633.1
UNIMED DE MANAUS COOP. DO TRABALHO MÃDICO LTDA;AM;1254845725.38;9093084.97;18181340.25
CAIXA DE ASSISTENCIA A SAUDE DA UNIVERSIDADE;MG;1247903541.64;11043394.17;24903302.67
ASSOCIAÃÃO ADVENTISTA NORTE BRASILEIRA DE PREVENÃÃO E ASSISTÃNCIA A SAÃDE;PA;1247569390.76;20792823.18;28586520.55
UNIMED VALE DO CAÃ/RS - COOPERATIVA DE ASSISTÃNCIA Ã SAÃDE LTDA.;RS;1230398718.57;4678322.12;10909422.49
UNIMED DE CATANDUVA - COOPERATIVA DE TRABALHO MÃDICO;SP;1228865492.27;4137594.25;10016430.35
IRMANDADE SANTA CASA DE MISERICÃRDIA DE MARINGÃ;PR;1227763306.94;7308114.92;14769488.11
UNIMED DE ASSIS COOPERATIVA DE TRABALHO MÃDICO;SP;1207760783.23;2531993.26;7798204.29
SIM - CAIXA DE ASSISTÃNCIA Ã SAÃDE;SC;1197599143.25;11515376.38;22368161.78
HBC SAÃDE LTDA.;SP;1182744108.48;20749896.64;29083641.02
UNIMED GUARAPUAVA COOPERATIVA DE TRABALHO MÃDICO;PR;1174879667.19;4166239.95;9254312.96
ASSOCIAÃÃO DA SANTA CASA SAÃDE DE RIBEIRÃO PRETO;SP;1168966888.23;10254095.51;15850460.17
UNIMED BARRA DO GARÃAS - COOPERATIVA DE TRABALHO MÃDICO;MT;1133280694.33;2943586.22;8233983.84
UNIMED DE BARRA MANSA SOC. COOP. SERV.MED.E HOSPIT.;RJ;1130151339.39;5979636.72;13018113.75
UNIMED EXTREMO SUL COOPERATIVA DE TRABALHO MÃDICO;BA;1129221905.41;3630938.6;8607870.21
UNIMED POÃOS DE CALDAS - SOC. COOP. DE TRAB. E SERVIÃOS MÃDICOS;MG;1119753542.02;4627080.75;13042531.37
ASSOCIAÃÃO SÃO FRANCISCO VIDA;SP;1118828966.65;13319392.46;25121846.82
SAÃDE BRB - CAIXA DE ASSISTÃNCIA ;DF;1113257119.49;7001617.1;15812027.74
UNIMED RESENDE COOPERATIVA DE TRABALHO MÃDICO;RJ;1112627977.68;5103798.06;10869287.04
BENEFICENCIA CAMILIANA DO SUL;SP;1107554768.42;13844434.61;29850352.03
UNIMED INCONFIDENTES COOPERATIVA DE TRABALHO MÃDICO LTDA.;MG;1102371735.69;3854446.63;9706457.53
UNIMED LITORAL SUL/RS - COOPERATIVA DE ASSISTÃNCIA Ã SAÃDE LTDA.;RS;1100509593.01;2478625.21;7197211.58
FUNDAÃAO COMPESA DE PREVIDENCIA E ASSISTENCIA - COMPESAPREV;PE;1095712814.77;11413675.15;24930326.6
CENTRO HOSPITALAR ATIBAIA LTDA.;SP;1077846079.42;29940168.87;34033091.73
UNIMED CURVELO COOPERATIVA DE TRABALHO MÃDICO LTDA.;MG;1075081623.98;2654522.53;8006075.41
UNIMED DE SÃO ROQUE - COOPERATIVA DE TRABALHO MÃDICO;SP;1073315228.3;4435186.89;9937044.17
LUMINAR SAÃDE - ASSOCIAÃÃO DE ASSISTÃNCIA Ã SAÃDE;DF;1067630383.82;5338151.92;14649244.42
CENTRAL REGIONAL DAS COOPERATIVAS MÃDICAS - UNIMED CERRADO;GO;1058396254.38;5318574.14;11615342.58
IRMANDADE DA SANTA CASA DE MISERICÃRDIA DE RIO CLARO;SP;1058172248.71;5038915.47;12267687.7
UNIMED DE PARANAGUÃ COOPERATIVA DE TRABALHO MÃDICO;PR;1052299774.9;4871758.22;10052902.92
UNIMED MISSÃES/RS - COOPERATIVA DE ASSISTÃNCIA Ã SAÃDE LTDA.;RS;1043807806.39;4788109.2;9578526.51
UNIMED NORDESTE PAULISTA - FED. INTRAFEDERATIVA DAS COOP. MÃDICAS;SP;1037165201.33;6691388.4;13085711.65
UNIMED NORTE FLUMINENSE COOPERATIVA DE TRABALHO MEDICO;RJ;1036712762.37;5235923.04;9262611.93
ASSOCIAÃÃO BENEFICENTE DE ASSISTÃNCIA A SAÃDE DOS JUÃZES DO TRABALHO DA 15Âª REGIÃO (ABAS 15);SP;1028630433.03;25088547.15;25628477.01
AMESC - ASSOCIAÃÃO MÃDICA ESPÃRITA CRISTÃ;RJ;1014229980.24;9055624.82;18819361.2
ASSOCIAÃÃO DOS SERVIDORES FISCAIS DO ESTADO DA BAHIA;BA;1001470576.38;9537815.01;19980893.04
SELECT OPERADORA DE PLANO DE SAUDE LTDA;GO;980239165.79;17504270.82;29754554.64
UNIMED DE PARANAVAÃ COOPERATIVA DE TRABALHO MÃDICO;PR;976704060.55;4209931.3;8600180.88
ASSOCIAÃÃO PADRE ALBINO SAÃDE;SP;959915978.92;15236761.57;23254955.75
CAIXA ASSISTENCIAL E BENEFICENTE DOS FUNCIONÃRIOS DA ACARESC;SC;958001975.31;8953289.49;17207831.34
UNIMED DE BRUSQUE COOPERATIVA DE TRABALHO MÃDICO;SC;955907766.03;2662695.73;6643434.72
UNIMED REGIONAL SUL GOIAS COOP. DE TRABALHO MÃDICO LTDA;GO;941036204.34;4875835.26;9163198.92
ELOSAÃDE - ASSOCIAÃÃO DE ASSISTÃNCIA Ã SAÃDE;SC;931171424.14;5931028.18;12924512.43
ASSOCIAÃÃO BENEFICENTE DOS PROFESSORES PÃBLICOS ATIVOS E INATIVOS DO RIO DE JANEIRO - APPAI;RJ;927652897.08;30921763.24;27373938.24
UNIMED DE JABOTICABAL COOP. DE TRABALHO MÃDICO;SP;924625572.74;3489153.1;8235880.75
UNIMED OESTE DO PARANA - COOPERATIVA DE TRABALHO MEDICO;PR;918343308.6;2049873.46;6417876.37
UNIMED APUCARANA COOPERATIVA DE TRABALHO MÃDICO;PR;901301110.44;4529151.31;9833474.8
CAIXA DE ASSISTÃNCIA DOS SERVIDORES FAZENDÃRIOS ESTADUAIS;CE;899372749.73;18736932.29;27247770.02
FUNDAÃÃO DE SEGURIDADE SOCIAL DA ARCELORMITTAL BRASIL - FUNSSEST;ES;897506863.35;16620497.47;24991658.13
SAÃDE SANTA TEREZA LTDA.;SP;892649608.41;12572529.7;19858883.85
SANTA CASA DE MAUÃ SAÃDE;SP;872302917.71;19384509.28;24849629.41
OPERADORA UNICENTRAL DE PLANOS DE SAÃDE LTDA.;SP;869752725.79;7247939.38;14077462.07
UNIMED DE TATUI - COOPERATIVA DE TRABALHO MÃDICO;SP;865126622.03;2653762.64;7084233.61
FUNDAÃÃO DE SAÃDE ITAIGUAPY;PR;856366155.93;9208238.24;18292394.91
ASSOCIAÃAO DOS FUNCIONARIOS PUBLICOS DO ESTADO DO RIO GRANDE DO SUL;RS;855756799.64;8644008.08;16933263.58
CAIXA DE ASSISTÃNCIA Ã SAÃDE DOS SERVIDORES PÃBLICOS DO ESTADO DO MATO GROSSO DO SUL;MS;848728070.71;8840917.4;13782853.23
CAIXA DE ASSISTÃNCIA DOS EMPREGADOS DA SANEAGO;GO;848618359.73;20698008.77;27015466.24
UNIMED PARÃ DE MINAS COOPERATIVA DE TRABALHO MÃDICO LTDA.;MG;847539079.56;2623960.0;6861502.47
UNIMED ITAJUBA COOPERATIVA DE TRABALHO MEDICO;MG;846918579.09;3220222.73;9649439.82
UNIMED CENTRO SUL FLUMINENSE COOPERATIVA DE TRABALHO MÃDICO;RJ;846692618.34;3513247.38;7819947.74
UNIMED ARAXÃ COOPERATIVA DE TRABALHO MÃDICO LTDA.;MG;838429757.61;2731041.56;6194531.63
ASSISTÃNCIA MÃDICA SÃO MIGUEL LTDA;SP;831794067.99;18484312.62;22300665.78
UNIMED SÃO JOÃO DEL REI - COOPERATIVA DE TRABALHO MÃDICO;MG;831551741.85;2682424.97;7172914.9
UNIMED ERECHIM - COOPERATIVA DE SERVIÃOS DE SAÃDE LTDA.;RS;826689493.91;2482551.03;6428572.61
UNIMED DE CAÃAPAVA - COOPERATIVA DE TRABALHO MEDICO;SP;826657384.76;1913558.76;5385457.32
METLIFE PLANOS ODONTOLÃGICOS LTDA.;SP;826242936.63;18360954.15;22651607.04
UNIMED DE CATALÃO COOPERATIVA DE TRABALHO MÃDICO;GO;823290333.47;3533434.91;8401431.19
AGROS - INSTITUTO UFV DE SEGURIDADE SOCIAL;MG;822046669.27;8839211.5;18573038.54
ASSOCIAÃÃO SANTA CASA SAÃDE DE ARAÃATUBA;SP;821449863.83;4563610.35;9927186.25
UNIMED JOÃO MONLEVADE COOPERATIVA DE TRABALHO MÃDICO LTDA.;MG;820177003.86;3083372.19;8223102.51
UNIMED OESTE DO PARÃ - COOPERATIVA DE TRABALHO MÃDICO;PA;816253061.76;18138956.93;19941798.66
UNIMED OS BANDEIRANTES COOPERATIVA DE TRABALHO MÃDICO;SP;815221170.29;2754125.58;7060306.34
SAMI ASSISTÃNCIA MÃDICA LTDA;SP;811164443.69;13985593.86;20508630.9
UNIMED ALTO VALE - COOPERATIVA DE TRABALHO MÃDICO;SC;803396465.57;1727734.33;4986511.13
UNIMED VALE DO AÃO COOPERATIVA DE TRABALHO MÃDICO;MG;798636376.41;4364133.2;11132153.08
UNIMED DE LINS - COOPERATIVA DE TRABALHOS MÃDICOS;SP;792069594.36;2580031.25;5958903.72
GARANTIA DE SAÃDE LTDA;SP;790969738.36;16142239.56;21180733.0
UNIMED DE LENÃOIS PAULISTA - COOPERATIVA DE TRABALHO MÃDICO;SP;790276205.44;3136016.69;7025952.58
UNIMED SAÃDE E ODONTO S.A;SP;786877777.21;21857716.03;21956042.93
UNIMED FRONTEIRA NOROESTE/RS - COOPERATIVA DE ASSISTÃNCIA Ã SAÃDE LTDA.;RS;784525245.03;2114623.3;6223230.31
UNIMED BARBACENA - COOPERATIVA DE TRABALHO MÃDICO LTDA;MG;778322475.35;3570286.58;8372452.99
UNIMED ITABIRA COOPERATIVA DE TRABALHO MÃDICO;MG;775099550.74;6982878.84;10310984.58
UNIODONTO DE CAMPINAS COOPERATIVA ODONTOLÃGICA;SP;762661527.3;7703651.79;12637626.52
IRMANDADE DA SANTA CASA DE MISERICORDIA DE LIMEIRA;SP;760990405.68;6341586.71;10810907.09
OESTE SAÃDE ASSISTÃNCIA A SAÃDE SUPLEMENTAR S.A;SP;759717027.31;8732379.62;15286591.65
UNIMED ARAGUARI COOPERATIVA DE TRABALHO MÃDICO ;MG;753257953.72;2897145.98;7555191.3
UNIMED NOROESTE DO PARANÃ COOP DE TRABALHO MÃDICO .;PR;742971147.0;2493191.77;6661992.54
NOVA SAÃDE OPERADORA INTEGRADA DE SAÃDE LTDA;RJ;731970949.89;22180937.88;24473273.83
TEMPO MED PLANO DE SAUDE LTDA;SC;729891863.1;4370609.96;8617159.05
VIVACOM PLANOS DE SAÃDE;GO;726839894.99;5909267.44;10833895.15
UNIMED CABO FRIO COOPERATIVA TRABALHO MÃDICO LTDA.;RJ;726117054.34;4173086.52;8585127.8
CAIXA DE ASSISTÃNCIA DOS EMPREGADOS DO SISTEMA FINANCEIRO BANESTES;ES;719123839.27;9219536.4;13114677.99
UNIMED MEIO OESTE CATARINENSE COOPERATIVA DE TRABALHO MÃDICO;SC;715771286.7;1754341.39;4482914.54
UNIMED EXTREMO OESTE CATARINENSE COOPERATIVA DE TRABALHO MÃDICO;SC;713764773.59;1797896.16;5065945.59
ASSOCIAÃÃO DE ASSISTÃNCIA Ã SAÃDE DA AMAGIS;MG;708884936.36;7622418.67;12601625.0
SULMED - ASSISTÃNCIA MÃDICA LTDA;RS;703969246.31;4399807.79;12041985.29
UNIMED MURIAÃ COOPERATIVA DE TRABALHO MEDICO LTDA;MG;702958254.52;5245957.12;10800585.46
GOCARE PLANOS DE SAUDE LTDA;SP;695001185.95;4542491.41;8962351.19
ESMALE ASSISTENCIA INTERNACIONAL DE SAUDE LTDA.;AL;689110646.27;17669503.75;18001393.71
PLAMED PLANO DE ASSISTENCIA MEDICA LTDA;SE;688087611.84;17643272.1;19115646.06
UNIMED NORTE PIONEIRO - COOPERATIVA DE TRABALHO MÃDICO;PR;679898252.77;2635264.55;6451060.24
UNIMED CENTRO PAULISTA - FEDERAÃÃO INTRAFEDERATIVA DAS COOPERATIVAS MÃDICAS;SP;677961290.77;11894057.73;17095452.28
AMEPLAN ASSISTÃNCIA MÃDICA PLANEJADA LTDA;SP;676033887.15;9657626.96;15235377.71
UNIMED ALTA MOGIANA COOPERATIVA DE TRABALHO MÃDICO;SP;675452902.65;2691047.42;5617001.41
ASSOCIAÃÃO DE SAÃDE DOS FORNECEDORES DE CANA DE PIRACICABA E REGIÃO;SP;671837705.07;8957836.07;14571062.85
PARANA ASSISTENCIA MEDICA LTDA;PR;670875602.65;3225363.47;8101896.02
BEST SENIOR OPERADORA DE SAÃDE LTDA;ES;669173383.43;6828299.83;12052918.28
UNIMED LAVRAS COOPERATIVA DE TRABALHO MÃDICO;MG;667642200.96;1585848.46;5310437.98
MATÃO CLINICAS & AMHMA SAÃDE LTDA;SP;659939377.21;4961950.2;9662687.77
UNIMED TRÃS RIOS COOPERATIVA DE TRABALHO MÃDICO;RJ;659528424.56;2606831.72;6039916.88
UNIMED DE GUARATINGUETA-COOPERATIVA DE TRABALHO MÃDICO;SP;657425556.62;4472282.7;8729172.06
FUNDACAO LEONOR DE BARROS CAMARGO;SP;655832333.96;11115802.27;16386981.98
CAIXA ASSISTENCIAL UNIVERSITÃRIA DO RIO GRANDE DO NORTE;RN;654957810.59;8085898.9;11966911.04
UNIMED SUL PAULISTA - COOPERATIVA DE TRABALHO MÃDICO;SP;651384764.74;2691672.58;6304670.78
UNIMED DE SOBRAL SOCIEDADE COOPERATIVA MÃDICA LTDA;CE;641581391.07;4248883.38;7262497.71
UNIMED DE IBITINGA COOPERATIVA DE TRABALHO MÃDICO;SP;641400794.18;3144121.54;6999154.3
ASSOCIAÃÃO MINEIRA DE ASSISTÃNCIA Ã SAÃDE DOS MEMBROS DO MINISTÃRIO PÃBLICO;MG;632098185.73;16634162.78;17613903.11
ASSOCIAÃÃO POLICIAL DE ASSISTÃNCIA Ã SAÃDE;SP;624113091.46;3105040.26;6887281.38
ASSOCIAÃÃO DE ASSISTÃNCIA MÃDICO HOSPITALAR DOS MAGISTRADOS DO ESTADO DO PARANÃ;PR;618380597.18;7927956.37;9269912.85
UNIMED CAÃADOR COOPERATIVA DE TRABALHO MÃDICO DA REGIÃO DO CONTESTADO;SC;614259801.62;2953172.12;6917232.68
HOSPITAIS E CLÃNICAS DO PIAUÃ S/S LTDA;PI;612495302.29;7291610.74;12498000.56
SUL AMÃRICA ODONTOLÃGICO S/A;SP;611957958.81;6724812.73;10377698.17
UNIMED VALE DAS ANTAS, RS - COOPERATIVA DE ASSISTÃNCIA Ã SAÃDE LTDA.;RS;610107770.13;2552752.18;5820652.35
CAIXA DE ASSISTÃNCIA Ã SAUDE DOS EMPREGADOS DA CODEVASF - CASEC;DF;609169062.06;15229226.55;18802795.16
AMHA SAUDE S/A;SP;604547932.02;8169566.65;14284364.27
UNIMED ITUIUTABA COOPERATIVA TRABALHO MÃDICO LTDA.;MG;601564258.1;1790369.82;5091072.77
SANTA CASA DE MISERICORDIA DE SAO JOAQUIM DA BARRA;SP;597361981.58;3853948.27;7537252.57
SISTEMAS E PLANOS DE SAÃDE LTDA.;SP;593573927.68;12903781.04;17109391.35
AMHE MED ASSISTENCIA A SAUDE LTDA - EPP;SP;590260738.68;11573739.97;17350181.1
UNIMED COSTA VERDE RJ;RJ;585571646.54;3485545.52;6899402.55
ASSOCIAÃÃO DO PLANO DE SAÃDE DA SANTA CASA DE MISERICÃRDIA DE ITABUNA - PLANSUL;BA;584825966.42;3701430.17;7310211.0
INSTITUIÃÃO BENEFICENTE CEL MASSOT - IBCM;RS;584479000.22;6088322.92;9652326.47
ASSOCIAÃÃO DE SAÃDE DO VALE;SC;582093245.78;10779504.55;14302478.49
CAIXA DE ASSISTÃNCIA Ã SAÃDE DO SINDICATO DOS FUNCIONÃRIOS INTEGRANTES DO GRUPO OCUPACIONAL ADMINISTRAÃÃO TRIBUTÃRIA DO ESTADO DE PERNAMBUCO;PE;581101931.32;5697077.76;12499074.66
ELETROS SAÃDE - ASSOCIAÃÃO DE ASSISTÃNCIA Ã SAÃDE;RJ;573707741.26;4553236.04;9892361.75
UNIMED ITAÃNA COOPERATIVA DE TRABALHO MÃDICO LTDA.;MG;573479319.38;1437291.53;4400302.34
UNIMED NOROESTE FLUMINENSE - COOPERATIVA DE TRABALHO MÃDICO LTDA;RJ;570980144.48;6344223.83;9042077.57
UNIMED NORTE PAULISTA - COOPERATIVA DE TRABALHO MÃDICO;SP;568535413.92;1508051.5;4585052.95
UNIMED SÃO LOURENÃO COOPERATIVA DE TRABALHO MÃDICO;MG;565343097.49;1610664.1;4414400.25
FUNDAÃÃO LIBERTAS DE SEGURIDADE SOCIAL;MG;560249692.42;4914470.99;11277437.76
ASSOCIAÃÃO MAIS SAÃDE SANTA CASA DE SÃO JOÃO DA BOA VISTA;SP;559549076.4;9816650.46;14416237.12
UNIMED DE PINDAMONHANGABA - COOPERATIVA TRABALHO MEDICO;SP;558726944.83;1349581.99;4334795.17
UNIMED MARQUES DE VALENÃA COOPERATIVA DE TRABALHO MÃDICO LTDA.;RJ;558510445.59;2908908.57;5456063.51
COOPERATIVA DE TRABALHO MÃDICO DO PLANALTO NORTE DE SANTA CATARINA LTDA;SC;557610806.52;1305880.11;3924391.79
SÃO FRANCISCO ASSISTÃNCIA MÃDICA LTDA;PE;553628962.7;8388317.62;12189162.59
PRONTOMED PLANOS DE SAÃDE LTDA;MG;548471335.68;3731097.52;8425346.27
PLADISA PLANOS DE SAÃDE SA;SC;548225021.19;4606932.95;10475748.67
SAMOC S.A. - SOCIEDADE ASSISTENCIAL MÃDICA E ODONTO CIRÃRGICA;RJ;547851248.08;6522038.67;9514521.64
ASSOCIAÃÃO SÃO LUIZ SAÃDE;SP;547427310.14;6758361.85;12287230.04
UNIMED DE BIRIGUI - COOPERATIVA DE TRABALHO MÃDICO;SP;536404257.28;1550301.32;4123969.21
DENTAL UNI - COOPERATIVA ODONTOLÃGICA;PR;531632106.84;8860535.11;9930381.43
UNIMED GUAXUPÃ COOPERATIVA DE TRABALHO MEDICO;MG;528890585.11;1564765.04;4155981.4
ÃNICA ASSISTENCIA MEDICA LTDA ;SP;526855416.15;15965315.64;17414416.53
CAIXA DE ASSISTÃNCIA DOS FUNCIONÃRIOS DO BANCO DA AMAZÃNIA - CASF;PA;526741393.92;4051856.88;7605895.72
UNIMED ALTO DA SERRA - SOCIEDADE COOPERATIVA DE SERVIÃO MÃDICO LTDA.;RS;525704875.46;2061587.75;4635695.38
IRMANDADE DE MISERICÃRDIA DO HOSPITAL DA SANTA CASA DE MONTE ALTO;SP;525280080.26;5471667.5;8212043.89
COOPERATIVA DE TRABALHO MEDICO REGIÃO DO PLANALTO SERRANO;SC;524423630.58;969359.76;3170202.55
SÃO DOMINGOS SAÃDE- ASSISTÃNCIA MÃDICA  LTDA;SP;521006313.05;5107905.03;10278958.94
PLANO DE SAUDE ASES LTDA.;RJ;513114761.56;4275956.35;9519887.34
AMAZÃNIA PLANOS DE SAÃDE LTDA;PA;511014708.91;8377290.31;13403888.2
UNIMED DE AVARÃ COOPERATIVA DE TRABALHO MÃDICO;SP;503935891.89;1574799.66;3891710.11
VITA ASSISTÃNCIA A SAÃDE LTDA.;MG;501113608.44;3408936.11;6960654.29
UNIMED PATROCÃNIO COOPERATIVA DE TRABALHO MÃDICO LTDA.;MG;497697354.49;3016347.6;5777264.16
UNIMED DE LORENA COOPERATIVA DE TRABALHO MÃDICO;SP;497019187.45;1882648.44;4771052.48
LEADER ASSISTÃNCIA MÃDICA E HOSPITALAR LTDA.;SP;496547120.73;27585951.15;10538813.13
IRMANDADE DA SANTA CASA DE MISERICÃRDIA DE PASSOS;MG;486284539.09;3285706.35;6873882.91
ASSOCIAÃÃO POLICIAL DE ASSISTÃNCIA Ã SAÃDE DE BAURU;SP;486259694.01;9534503.8;13458574.4
COOPERATIVA DE TRABALHO MEDICO DE ARAGUAÃNA - UNIMED ARAGUAÃNA;TO;485668672.93;894417.45;3182059.68
UNIMED VALE DO JAURU COOPERATIVA DE TRABALHO MÃDICO;MT;484814404.01;2400071.31;5516839.96
CAIXA DE ASSISTÃNCIA SISTEMA SAÃDE INTEGRAL-SSI SAUDE;RS;461261429.55;18450457.18;14736825.52
UNIMED REGIONAL DE TRES LAGOAS COOPERATIVA DE TRABALHO MÃDICO;MS;460335298.01;1587363.1;5380085.44
UNIMED DE BARRETOS COOPERATIVA DE TRABALHO MÃDICO;SP;459307872.13;2835233.78;6621630.64
MAIS SAÃDE PLANO DE SAÃDE LTDA;GO;457358161.28;19056590.05;11516608.41
ANAFE SAUDE;GO;457056951.25;5253528.18;10643489.73
UNIMED DE CAPIVARI -COOPERATIVA DE TRABALHO MÃDICO;SP;455974081.62;1361116.66;4005148.33
UNIMED ALTO SÃO FRANCISCO COOPERATIVA DE TRABALHO MÃDICO;MG;454213940.95;1376405.88;3865197.73
ASSOCIAÃÃO SAÃDE SÃO JOSÃ;SC;453589084.75;2945383.67;7465893.33
UNIMED DE ANDRADINA - COOPERATIVA DE TRABALHO MÃDICO;SP;450241693.38;1536661.07;3466315.41
UNIMED DE TAUBATÃ COOPERATIVA DE TRABALHO MÃDICO;SP;448945224.24;1960459.49;4854491.74
CAIXA DE ASSISTÃNCIA AOS MEMBROS DA DEFENSORIA PÃBLICA DO ESTADO DO RIO DE JANEIRO;RJ;443310729.1;5683470.89;7231303.87
GS PLANO GLOBAL DE SAÃDE LTDA;RJ;440238858.93;4316067.24;8788761.68
ASSOCIAÃÃO DOS AUDITORES FISCAIS DO ESTADO DA PARAÃBA - AFRAFEP;PB;433589138.87;13139064.81;14284605.17
IRMANDADE DE MISERICORDIA DE PORTO FERREIRA;SP;433320671.97;9629348.27;13215545.8
UNIMED DE TUPA COOPERATIVA DE TRABALHO MÃDICO;SP;422950468.94;1799789.23;4306717.98
SANTA CASA DE MISERICÃRDIA DE VOTUPORANGA;SP;418166214.92;4545284.94;6536783.02
ASSOCIAÃÃO FUNDO DE PROTEÃÃO Ã SAÃDE;PR;418114260.99;5161904.46;7790854.62
UNIMED CATAGUASES COOPERATIVA DE TRABALHO MÃDICO LTDA;MG;407962407.69;1035437.58;2872044.69
SAÃDE BRASIL ASSISTÃNCIA MÃDICA LTDA.;SP;407821852.13;6797030.87;7770789.66
UNITY SERVIÃOS INTEGRADOS DE SAÃDE LTDA.;DF;407511228.68;4969649.13;9644963.31
CONFERÃNCIA SÃO JOSÃ DO AVAÃ;RJ;407215525.3;4627449.15;6444559.45
ASSOCIAÃÃO DOS FUNCIONÃRIOS DO FISCO DO ESTADO DE GOIÃS;GO;400114756.64;7549335.03;10865835.96
UNIMED VIÃOSA - COOPERATIVA DE TRABALHO MÃDICO;MG;397545391.11;1312030.99;3587161.02
UNIMED DE MOCOCA COOPERATIVA DE TRAB. MÃDICO;SP;397435859.79;1589743.44;4269985.86
UNIMED DE PIRASSUNUNGA COOPERATIVA DE TRABALHO MÃDICO;SP;397293839.77;2364844.28;4660625.81
INTERMEDICI PIRACICABA ASSISTENCIA MEDICA LTDA;SP;390997591.01;3258313.26;7029697.31
PLANO ODONTOLÃGICO DENTALVIDAS LTDA.;SP;389789693.04;8661993.18;12435558.66
UNIMED DE UBA COOPERATIVA DE TRABALHO MEDICO;MG;388345562.23;1316425.63;3645961.85
UNIMED DE MINEIROS COOPERATIVA DE TRABALHO MÃDICO ;GO;382358910.06;1865165.41;4445600.83
UNIMED GURUPI COOPERATIVA DE TRABALHO MÃDICO;TO;380536345.33;1112679.37;2654527.17
ASSOCIAÃÃO PARANAENSE DE ASSISTÃNCIA Ã SAUDE DOS MEMBROS DO MINISTERIO PUBLICO DO PARANÃ;PR;377300522.91;4837186.19;6749841.7
CAIXA DE ASSISTÃNCIA DOS MAGISTRADOS DE PERNAMBUCO;PE;377265569.28;3224492.05;6426899.58
UNIMED NORTE DO PARANÃ COOPERATIVA REGIONAL DE TRABALHO MÃDICO;PR;377138194.1;1212663.0;2914733.66
UNIMED TRÃS CORAÃÃES COOPERATIVA DE TRABALHO MÃDICO LTDA.;MG;373447123.75;1453101.65;3207174.14
UNIMED PONTAL DO TRIÃNGULO - COOPERATIVA DE TRABALHO MÃDICO;MG;367160998.1;1292820.42;3475451.79
OPERADORA DE PLANOS PRIVADOS DE SAÃDE - SANTA CASA SAÃDE LTDA;MS;364432118.39;3681132.51;7222199.51
UNIODONTO DE SÃO JOSÃ DOS CAMPOS COOPERATIVA DE TRABALHO ODONTOLÃGICO;SP;360097688.83;8002170.86;7418255.34
UNIMED VILHENA - COOPERATIVA DE TRABALHO MEDICO LTDA;RO;358066335.52;1946012.69;3702312.55
FUNDAÃÃO FILANTRÃPICA E BENEFICENTE DE SAÃDE ARNALDO GAVAZZA FILHO;MG;356934826.76;2189784.21;4504438.48
UNIMED NOROESTE DE MINAS COOPERATIVA DE TRABALHO MEDICO LTDA;MG;352638329.79;1439340.12;3332383.64
UNIMED VERTENTE DO CAPARAÃ - COOPERATIVA DE TRABALHO MÃDICO LTDA;MG;352548501.46;1865335.99;3919040.56
UNIMED CARATINGA - COOPERATIVA DE TRABALHO MÃDICO LTDA;MG;350090618.28;2059356.58;3925360.73
AMEP FREGUESIA OPERADORA DE PLANO DE SAUDE LTDA;RJ;344909836.3;3708707.92;7494028.94
UNIMED VALE DO PIQUIRI-COOPERATIVA DE TRABALHO MÃDICO VALE DO PIQUIRI ;PR;342619035.37;1812799.13;4021995.33
BRASILDENTAL OPERADORA DE PLANOS ODONTOLÃGICOS S.A.;SP;342211311.92;11407043.73;9483077.42
UNIMED FRUTAL COOPERATIVA DE TRABALHO MEDICO LTDA;MG;330879134.04;642483.76;2178711.36
UNIMED DE SAO JOSÃ DO RIO PARDO-COOP. DE TRAB. MÃDICO;SP;325570406.12;2411632.64;4021710.57
UNIMED PLANALTO CENTRAL/RS - COOPERATIVA DE ASSISTÃNCIA  Ã SAÃDE LTDA.;RS;324097957.63;2025612.24;3785696.39
POLI SAUDE OPERADORA DE PLANO DE SAUDE LTDA;PR;321253310.25;2974567.69;5952325.06
PREVIDENT ASSISTÃNCIA ODONTOLÃGICA S.A;SP;319850730.94;7615493.59;8188428.33
UNIMED REGIÃO DA CAMPANHA/RS - COOPERATIVA DE ASSISTÃNCIA Ã SAÃDE LTDA.;RS;318952469.77;1042328.33;2904176.48
FUNDAÃÃO DE ASSISTÃNCIA Ã SAÃDE DA ASSOCIAÃÃO DO MINISTÃRIO PÃBLICO DO RIO GRANDE DO SUL;RS;312464603.28;9468624.34;8233847.43
AMPARA ASSISTÃNCIA MÃDICA PARAÃSO LTDA;MG;310889359.64;2269265.4;5267677.56
UNIMED ALFENAS COOPERATIVA DE TRABALHO MEDICO;MG;306357006.15;1349590.34;3641563.81
UNIMED LEOPOLDINA COOPERATIVA DE TRABALHO MÃDICO LTDA;MG;303163980.61;1955896.65;3949382.62
UNIMED SUDOESTE DE MINAS COOPERATIVA DE TRABALHO MÃDICO;MG;301857043.45;1451235.79;3177299.08
UNIMED DE ADAMANTINA-COOPERATIVA DE TRABALHO MÃDICO;SP;298049681.05;768169.28;2312770.13
UNIMED DE DRACENA - COOPERATIVA DE TRABALHO MÃDICO;SP;297803565.66;838883.28;2177693.18
ASSOCIAÃÃO PLANO DE SAÃDE SANTA CASA DE VALINHOS;SP;292593767.82;5737132.7;7874147.87
TERRAMAR ADMINISTRADORA DE PLANO DE SAUDE LTDA;BA;289481051.15;8772153.07;8872917.09
SF SISTEMAS DE SAÃDE LTDA;SP;286338618.72;6363080.42;8082407.44
UNIMED-RIO COOPERATIVA DE TRABALHO MEDICO DO RIO DE JANEIRO;RJ;285006996.4;47501166.07;8808097.28
FEDERAÃÃO DAS SOCIEDADES COOPERATIVAS DE TRABALHO MÃDICO DO ACRE, AMAPÃ, AMAZONAS, PARÃ, RONDONIA E RORAIMA;AM;282474821.71;5884892.12;8077553.8
PLAMER PLANO MEDICO RESENDE LTDA;RJ;282274131.16;3573090.27;5967349.05
SBC SAÃDE LTDA.;SP;282237349.72;3919963.19;6708518.59
ASSOCIAÃÃO POLICIAL DE ASSISTÃNCIA Ã SAÃDE DE RIBEIRÃO PRETO (APAS);SP;280749992.93;5848958.19;7787450.7
SOCIEDADE BENEFICENTE DEZOITO DE JULHO;MG;277473945.72;6166087.68;7417443.8
UNIMED DE MONTE ALTO - COOPERATIVA DE TRABALHO MÃDICO;SP;273867635.57;1538582.22;3249726.47
IRMANDADE DA SANTA CASA DE MISERICÃRDIA E MATERNIDADE DONA ZILDA SALVAGNI;SP;273172480.88;9105749.36;6668611.21
UNIMED SÃO SEBASTIÃO DO PARAÃSO COOPERATIVA DE TRABALHO MÃDICO;MG;272984524.28;1459810.29;2619336.43
UNIODONTO BELÃM - COOPERATIVA DE ASSISTÃNCIA Ã SAÃDE ODONTOLÃGICA;PA;272440019.62;3632533.59;5512963.57
FILOSANITAS SAUDE LTDA;SP;269761806.33;3173668.31;4371378.74
UNIMED CALDAS NOVAS - COOPERATIVA DE TRABALHO MEDICO;GO;269045614.81;1630579.48;3571426.8
UNIMED DE REGISTRO COOPERATIVA DE TRABALHO MÃDICO;SP;262313622.9;5464867.14;6661066.48
ASSOCIAÃÃO DOS AUDITORES FISCAIS DA RECEITA ESTADUAL DO RIO DE JANEIRO;RJ;259914243.55;4725713.52;5930085.19
ASSOCIACAO DOS PROFESSORES UNIVERSITÃRIOS DA BAHIA;BA;258951092.13;4245099.87;6684671.99
PRONTOCLINICA E HOSPITAIS SAO LUCAS S/A;MG;258863199.44;1446163.13;3429396.59
ASSOCIAÃÃO DOS EMPREGADOS DA COMPANHIA ESTADUAL DE HABITAÃÃO E OBRAS PÃBLICAS - ASSEC;SE;257549643.29;9905755.51;8629004.61
ALLIANZ SAÃDE S/A;SP;255938910.26;4195719.84;6022545.46
UNIMED TRÃS PONTAS - COOPERATIVA DE TRABALHO MÃDICO;MG;255295642.49;859581.29;2387740.82
ADVANCE PLANOS DE SAÃDE LTDA;SP;254936403.81;6536830.87;7715692.96
UNIMED VALE DO CORUMBÃ COOPERATIVA DE TRABALHO MEDICO;GO;249011281.62;1682508.66;3609490.39
UNIMED REGIONAL DE FLORIANO - COOPERATIVA DE TRABALHO MÃDICO;PI;248307816.06;2069231.8;3493478.1
UNIMED REGIÃO DA FRONTEIRA - RS COOPERATIVA DE ASSISTÃNCIA Ã SAÃDE LTDA.;RS;246042133.02;1438842.88;3140071.34
TRINO - ALIANCA FILANTRÃPICA DE ASSISTÃNCIA E INTEGRAÃÃO PARA O DESENVOLVIMENTO DA SAUDE;ES;244496058.38;4889921.17;7290276.8
FUNDAÃÃO FIAT SAÃDE E BEM ESTAR;MG;243461950.87;17390139.35;26479889.45
CAIXA DE ASSISTÃNCIA DOS EMPREGADOS DO BANEB;BA;242345235.99;3972872.72;5792190.89
ASSOCIAÃÃO SANTA CASA CLÃNICAS DE BIRIGUI;SP;241369050.83;2623576.64;4101477.46
ATÃVIA SERVIÃOS DE SAÃDE S/A;SP;239930447.89;3286718.46;3614614.48
SV SAUDE ADMINSTRADORES DE PLANO DE SAUDE LTDA;RJ;238264878.47;2803116.22;5689745.03
FUNDACAO CAPITAL PREVIDENCIA E SAUDE - CAPITAL PREV;ES;237315775.31;3651011.93;6805779.53
ASSOCIAÃÃO POLICIAL DE ASSISTÃNCIA A SAÃDE DA BAIXADA SANTISTA;SP;235788702.24;5614016.72;7366471.18
ASSOCIAÃÃO FCA SAÃDE;MG;233950302.6;9358012.1;20573007.77
CAIXA DE ASSISTÃNCIA DOS EMPREGADOS DO BANESE;SE;231786516.05;5150811.47;7210076.41
ASSOCIAÃÃO POLICIAL DE ASSISTÃNCIA Ã SAÃDE DE ARAÃATUBA (APAS);SP;231695837.14;3677711.7;6487808.71
FEDERAÃÃO DAS COOP ODONTOLÃGICAS DO ESTADO DE SANTA CATARINA;SC;230909804.33;3848496.74;5885175.6
UNIX SAÃDE S.A;BA;230461055.09;2327889.45;3448431.21
SANTA CASA DE MISERICORDIA HOSPITAL SÃO VICENTE;SP;226909075.32;2493506.32;4849806.76
UNIMED SUDOESTE PAULISTA COOPERATIVA DE TRABALHO MÃDICO;SP;226570353.26;964129.16;2489131.34
PESSOAL SAÃDE PLANOS DE ASSISTÃNCIA MÃDICA LTDA;SP;216718019.78;5556872.3;6584898.09
PB ASSISTENCIA MEDICA EU LTDA;BA;213141775.73;3437770.58;4526447.88
EVANGELICO SAUDE LTDA.;PR;207118188.61;1197214.96;3148848.34
ASSOCIAÃÃO GOIANA DO MINISTÃRIO PÃBLICO;GO;205613554.87;6230713.78;5636510.34
ASSOCIAÃÃO SAÃDE CONCEIÃÃO;SC;204335593.0;2619687.09;5206316.69
COOPERATIVA DOS USUÃRIOS DE SERVIÃOS DE SAÃDE LTDA.;RS;203548853.38;2827067.41;4450689.73
UNIMED CACERES COOPERATIVA DE TRABALHO MÃDICO ;MT;202836386.15;645975.75;1720680.35
UNIODONTO DE FORTALEZA COOPERATIVA DE TRABALHO ODONTOLOGICO LTDA;CE;201684839.07;4384453.02;5157498.77
UNIMED REGIÃO DA PRODUÃÃO/RS - COOPERATIVA DE ASSISTÃNCIA Ã SAÃDE LTDA;RS;197486805.12;786800.02;1743493.65
MAIS SAUDE S/A;ES;194187368.57;6472912.29;7318352.99
ASSOCIAÃÃO VALEPARAIBANA DE ASSISTÃNCIA MÃDICA POLICIAL;SP;193780195.39;10765566.41;3732790.96
CAIXA DE ASSISTÃNCIA DO SINDFISCO - CASSIND;SE;192875158.48;3639153.93;5561078.11
AME VVIDA PLANOS DE SAUDE INTEGRADO LTDA.;RO;192363449.54;6870123.2;6355704.37
UNIODONTO REGIONAL COOPERATIVA ODONTOLOGICA;MG;186110717.16;2215603.78;3602660.9
SOCIEDADE PORTUGUESA DE BENEFICÃNCIA;RS;180865230.03;1413009.61;3214574.04
DESBAN - FUNDAÃÃO BDMG DE SEGURIDADE SOCIAL;MG;180738612.56;1585426.43;3619964.32
SANTA CASA DE MISERICÃRDIA E BENEFICÃNCIA PORTUGUESA;SP;180534879.68;4011886.22;5020500.3
UNIODONTO MACEIÃ COOPERATIVA ODONTOLÃGICA;AL;178626324.89;7442763.54;5695324.43
UNIDENTIS ASSISTENCIA ODONTOLOGICA LTDA.;PB;175154149.55;7298089.56;4071663.12
UNIMED ALTO JACUÃ/RS - COOPERATIVA DE ASSISTÃNCIA Ã SAÃDE LTDA;RS;174905521.32;767129.48;1733770.09
UNIMED DE PENAPOLIS - COOPERATIVA DE TRABALHO MEDICO;SP;174706808.89;506396.55;1352181.37
UNIODONTO PORTO ALEGRE COOPERATIVA ODONTOLOGICA LTDA;RS;173717981.22;4454307.21;4728531.67
UNIODONTO/RN - COOPERATIVA ODONTOLOGICA DO RIO GRANDE DO NORTE;RN;172474447.79;3593217.66;4374274.29
UNIODONTO PIRACICABA - COOPERATIVA ODONTOLÃGICA;SP;172170008.58;2569701.62;4018208.15
BIO SAÃDE SERVIÃOS MÃDICOS LTDA;SP;171051932.96;3490855.77;4536125.91
SANTA CASA DE SAÃDE - SCS;ES;168434194.31;2005168.98;3672436.32
UNIMED SÃO JOÃO NEPOMUCENO COOPERATIVA DE TRABALHO MÃDICO LTDA.;MG;168329789.88;1284960.23;2221129.21
UNIODONTO DE SC COOPERATIVA ADMINISTRADORA DE CONTRATOS;SC;167665812.46;1862953.47;3497416.43
UNIODONTO GOIANIA COOPERATIVA DE CIRURGIÃES DENTISTAS;GO;166348154.64;1459194.34;2914616.82
UNIMED PATOS - COOPERATIVA DE TRABALHO MÃDICO;PB;165206611.1;897862.02;1949866.87
UNIMED DE JATAÃ COOPERATIVA DE TRABALHO MÃDICO LTDA.;GO;163257942.25;377039.13;1047685.39
UNIMED VALE DO CARANGOLA COOPERATIVA DE TRABALHO MEDICO LTDA;MG;162004687.98;1542901.79;2179927.4
ATITUDE SAÃDE ASSISTÃNCIA MEDICA LTDA;BA;158572136.84;4065952.23;4326820.76
UNIMED MACHADO COOPERATIVA DE TRABALHO MEDICO;MG;156996043.42;737070.63;1630252.41
HOSPITAL DE PRONTOCLINICA LTDA.;RS;156990559.78;2378644.85;3565488.32
FUNASA SAÃDE;PB;156090897.93;2477633.3;3651621.04
COOPERATIVA DOS USUÃRIOS DE SERVIÃOS DE SAÃDE DO VALE DO RIO DOS SINOS LTDA;RS;153624078.29;3939078.93;4884120.9
NACIONAL ODONTO OPERADORA DE PLANOS ODONTOLÃGICOS LTDA.;PE;148915905.59;6204829.4;3414638.51
UNIMED PONTE NOVA COOPERATIVA DE TRABALHO MEDICO LTDA;MG;144412340.66;1266774.92;1945257.72
UNIMED DE CORUMBA COOPERATIVA DE TRABALHO MÃDICO;MS;142650814.16;1178932.35;2016411.84
VIDA TOP MAIS SAÃDE OPERADORA DE PLANOS DE SAÃDE LTDA.;SP;141367364.7;1427953.18;3168581.04
CARE PLUS ODONTOLOGIA ASSISTENCIAL LTDA.;SP;139692418.72;2972179.12;3674699.38
RIO DOCE SAÃDE;ES;139048665.82;1580098.48;3132421.77
AURORA SAÃDE LTDA;MG;138747238.66;3153346.33;3916711.98
ASSOCIACAO POLICIAL DE ASSISTENCIA A SAUDE DE PRESIDENTE PRUDENTE (APAS);SP;138617997.54;2665730.72;4185712.07
ASSOCIAÃAO UNISAUDE MARAU;RS;134228576.93;2033766.32;3213350.8
R.M.I. OPERADORA DE SAÃDE INTEGRADA LTDA;SP;132127905.96;5081842.54;4804049.23
UNIODONTO DE JOÃO PESSOA COOPERATIVA ODONTOLÃGICA;PB;131076955.22;3120879.89;3450011.95
UNIMED DO OESTE DA BAHIA COOPERATIVA DE TRABALHO MÃDICO;BA;129189044.83;1218764.57;1961876.99
TOTAL ASSISTÃNCIA MÃDICA HOSPITALAR LTDA;MG;127043475.08;3849802.28;3125895.26
UNIMED REGIONAL DE PICOS - COOPERATIVA DE TRABALHO MÃDICO;PI;125840307.36;3595437.35;3994078.78
ASSOCIAÃÃO POLICIAL DE ASSISTÃNCIA A SAÃDE;SP;123817281.01;3095432.03;3920269.05
ODONTO EMPRESAS CONVENIOS DENTARIOS LTDA.;SP;122151528.54;4362554.59;3269341.7
UNIMED MORRINHOS COOPERATIVA DE TRABALHO MEDICO;GO;121803436.44;863854.16;1600772.96
ON MED ASSISTÃNCIA MÃDICA LTDA;RS;121469719.75;1928090.79;3389596.81
UNIODONTO DO BRASIL CENTRAL NACIONAL DAS COOPERATIVAS ODONTÃLOGICAS;SP;118456106.06;2467835.54;2260328.15
SUL DO PARÃ LTDA;PA;116179066.1;5051263.74;3155701.56
ODONTOGROUP SISTEMA DE SAÃDE LTDA.;DF;116056168.59;4463698.79;3486859.1
ASSOCIACAO DE SAUDE HOLAMBRA;SP;115636203.98;2409087.58;3426069.29
UNIMED SOUSA - COOPERATIVA DE TRABALHO MÃDICO;PB;113482101.74;1220237.65;1693609.95
FUNDAÃÃO PLAMHUV - PLANO MÃDICO HOSPITALAR DOS HOSPITAIS UNIDOS DE VIÃOSA;MG;111181303.2;823565.21;2050452.98
UNIODONTO PAULISTA-FEDERAÃÃO DAS COOPERATIVAS ODONTOLÃGICAS DO ESTADO DE SÃO PAULO;SP;109428196.09;2279754.09;1934289.25
HOSPITAL CESAR LEITE;MG;109137477.13;1019976.42;1639301.34
ASSOCIAÃÃO DOS SERVIDORES MUNICIPAIS, ESTADUAIS E FEDERAIS DO RIO DE JANEIRO;RJ;108469389.6;2410430.88;2414841.44
VIVENTERIS LTDA;PR;108355753.01;2006588.02;3154685.93
ASSOCIAÃÃO DO FISCO DE ALAGOAS;AL;107922178.65;4150853.03;6626316.92
ASSOCIAÃÃO DOS FUNCIONÃRIOS FISCAIS DO ESTADO DO AMAZONAS - AFFEAM;AM;105447768.17;1673774.1;2956326.5
UNIODONTO DE MANAUS - COOPERATIVA ODONTOLÃGICA LTDA.;AM;104807348.07;1497247.83;2165589.88
SOCIEDADE DE ASSISTÃNCIA MÃDICA - SAMEISA;RS;102973580.9;2288301.8;2998374.75
CAIXA DE ASSISTÃNCIA Ã SAÃDE DOS TRABALHADORES NAS INDÃSTRIAS METALÃRGICAS, MECÃNICAS E DO MATERIAL ELÃTRICO DE BRUSQUE;SC;102928377.15;2859121.59;3408432.86
CAIXA ASSISTENCIAL UNIVERSITARIA DO RIO DE JANEIRO;RJ;101518595.71;1301520.46;2549381.88
ASSOCIAÃÃO BENEFICENTE CATÃLICA;MG;97360449.17;954514.21;1298114.81
SISTEMA TOTAL DE SAÃDE LTDA.;SP;96254398.68;1604239.98;2262844.04
OPLAN SAÃDE OPERADORA DE PLANO DE SAÃDE LTDA;RJ;95532556.48;936593.69;1750516.18
UNIMED CAMPO BELO- COOPERATIVA DE TRABALHO MÃDICO;MG;94278770.12;355768.94;845353.35
ANGELI SISTEMAS DE SAUDE S.A.;PR;93724097.54;1301723.58;2233785.97
ASSOCIAÃÃO POLICIAL DE ASSISTENCIA Ã SAUDE DE SAO JOAO DA BOA VISTA;SP;93181254.9;2740625.14;3139838.05
HOSPITAL S.P. LTDA.;RS;92527697.51;1713475.88;2266357.13
CONFIANÃA ASSISTÃNCIA MÃDICO HOSPITALAR LTDA;MG;90404668.99;2008992.64;2528030.37
PRIMA VIDA ODONTOLOGIA DE GRUPO LIMITADA;RJ;88272575.8;1548641.68;1974705.97
AME-ASSISTÃNCIA MÃDICA A EMPRESAS LTDA;MG;86002293.91;1194476.3;1878333.5
UNIMED INTRAFEDERATIVA FEDERAÃÃO REGIONAL SUL DE MINAS;MG;85783372.04;1949622.09;7112175.92
PLAMESC PLANOS DE SAÃDE LTDA;RJ;84306936.6;1653077.19;1954446.7
UNIODONTO DE AMERICANA COOPERATIVA ODONTOLÃGICA;SP;82932493.73;1480937.39;1827654.83
PRONTO SOCORRO CONDE DE MOREIRA LIMA;SP;81688250.67;596264.6;1180239.18
ASSOCIACAO CIVIL PRÃ-SAÃDE DOS SERVIDORES DA UNIVERSIDADE ESTADUAL DE PONTA GROSSA;PR;78902699.01;2390990.88;2640471.68
SANTA CASA DE MISERICÃRDIA DE TUPÃ;SP;78901081.12;1547080.02;1997551.7
SERVDONTO - PLANO DE ASSISTÃNCIA ODONTOLÃGICA LTDA;SE;76601517.09;3191729.88;2410785.34
ORALE ASSISTÃNCIA ODONTOLÃGICA LTDA;BA;76440321.01;3185013.38;1879892.36
PORTOMED - PORTO SEGURO SERVIÃOS DE SAUDE LTDA;SP;75746946.81;1130551.44;1946343.85
ASSOCIAÃÃO UNIVIDA SANTA RITA DO PASSA QUATRO;SP;75731801.31;970920.53;1650823.08
COMSEDER - COOPERATIVA DE ASSISTÃNCIA MÃDICA DOS SERVIDORES DA SUPLAN E DO DER LTDA;PB;74754284.66;3114761.86;1920577.72
ASSOCIACAO POLICIAL DE ASSISTENCIA A SAUDE DE ITAPETININGA;SP;73448527.63;844235.95;1757903.0
MEDIC GLOBAL PLANOS DE SAÃDE LTDA.;MG;72778050.45;1010806.26;1722225.5
TELOS - FUNDAÃÃO EMBRATEL DE SEGURIDADE SOCIAL;RJ;71167263.78;3953736.88;2112631.44
MEDGOLD ASSISTENCIA MEDICA LTDA - ME;MG;71113908.67;1030636.36;1494324.91
VOCÃ TOTAL PLANOS DE SAÃDE LIMITADA;SP;68385810.16;1628233.58;2456895.09
UNIODONTO UBERABA - COOPERATIVA DE ASSISTÃNCIA Ã SAÃDE ODONTOLÃGICA LTDA;MG;67960732.15;1618112.67;1998521.61
UNIMED DE BATATAIS - COOPERATIVA DE TRABALHO MÃDICO;SP;67203086.69;490533.48;842596.18
NOSAMED ASSISTÃNCIA MÃDICA LTDA.;SP;65358828.32;1146646.11;1575268.21
S1 OPERADORA DE PLANO DE SAÃDE LTDA;DF;65219360.68;1811648.91;2159768.81
UNIODONTO DE SOROCABA COOPERATIVA ODONTOLÃGICA;SP;64561529.63;1793375.82;1758771.14
PERSONAL CARE OPERADORA DE SAÃDE SA;SP;64249209.4;1338525.2;1456774.81
FUNDO DE ASSISTÃNCIA MÃDICO-HOSPITALAR DO MINISTÃRIO PÃBLICO;MS;63764776.74;1482901.78;1528136.16
PLANO ASSISTENCIAL SÃO LUCAS LTDA;MG;63566393.09;993224.89;1646667.83
DONA SAÃDE CLINICAS LTDA ;SP;62343935.46;2309034.65;1551219.45
UNIMED CAJAZEIRAS - SOCIEDADE COOPERATIVA DE TRABALHO MÃDICO;PB;62250656.44;1296888.68;2459410.94
CAIXA BENEFICENTE DOS FUNCIONÃRIOS DO GRUPO IGUAÃU;PR;61788274.06;1029804.57;1569045.38
UNIODONTO DE ARARAQUARA COOPERATIVA ODONTOLÃGICA;SP;61477045.04;1138463.8;1517331.64
ASSOCIAÃÃO POLICIAL DE ASSISTÃNCIA Ã SAÃDE DE BARRETOS;SP;61195962.78;1359910.28;1859787.05
CEDPLAN SAÃDE LTDA EPP;MG;59838922.45;1329753.83;1454502.33
UNIODONTO VALE HISTORICO COOPERATIVA ODONTOLOGICA;SP;58910632.44;1090937.64;1486125.63
PLENUM ASSISTENCIA MEDICA  LTDA;DF;58114680.54;4842890.04;1623516.32
CARING SAÃDE ASSISTÃNCIA MÃDICA LTDA.;RJ;56926129.5;3162562.75;1438519.63
SEMPRE ODONTO PLANOS ODONTOLOGICOS LTDA;RJ;55128119.1;1413541.52;1545926.71
UNIODONTO DO SUL GOIANO COOPERATIVA ODONTOLOGICA;GO;54620358.9;1655162.39;1614557.68
UNIODONTO DE JUNDIAÃ COOPERATIVA ODONTOLÃGICA;SP;54116586.48;1040703.59;1221152.92
ASSOCIAÃÃO DOS SERVIDORES PÃBLICOS DA ADMINISTRAÃÃO DIRETA DO GOVERNO DO ESTADO DO PARÃ - ASPARÃ;PA;53713133.18;994687.65;1518089.24
ODONTOART PLANOS ODONTOLÃGICOS LTDA;CE;52614484.4;2192270.18;1329665.74
UNIMED VALE DO URUCUIA - COOPERATIVA DE TRABALHO MEDICO LTDA;MG;51906406.25;823911.21;3611069.87
COOPERATIVA ODONTOLÃGICA POÃOS DE CALDAS;MG;51723637.94;1124426.91;1431796.39
ASSOCIAÃÃO POLICIAL DE ASSISTÃNCIA Ã SAÃDE DE PRESIDENTE VENCESLAU;SP;50694609.27;1536200.28;1636367.39
CEAM BRASIL - PLANOS DE SAÃDE LTDA;MG;50467923.67;1802425.85;2583607.78
ASSOCIAÃÃO HOSPITAL SAÃDE DE VARGEM GRANDE DO SUL;SP;49492508.48;824875.14;1226213.06
UNIODONTO MARINGA COOPERATIVA ODONTOLOGICA;PR;49263850.14;1642128.34;1498574.02
UNIODONTO ESPIRITO SANTO COOPERATIVA ODONTOLOGICA;ES;48926494.41;1019301.97;1323251.58
ASSOCIAÃÃO POLICIAL DE ASSISTÃNCIA Ã SAÃDE DE DRACENA;SP;48853099.29;1136118.59;1036009.82
DENTALPAR ASSISTÃNCIA ODONTOLÃGICA EMPRESARIAL LTDA.;SP;46449166.11;1290254.61;1167811.64
PRESERVE SAUDE ASSISTENCIA MEDICA LTDA;BA;46440421.5;426058.91;954139.45
SEPACO SAÃDE LTDA;SP;44814306.83;1358009.3;1509026.56
PLANO VIDA SAUDE SERVIÃOS ODONTOLOGICOS LTDA;SE;44162562.06;1840106.75;1293079.67
COOPERATIVA ODONTOLÃGICA DO ESTADO DO AMAPÃ;AP;41851743.14;1395058.1;1301520.56
AESP ODONTO ASSISTÃNCIA ODONTOLÃGICA S/S LTDA EPP;SP;41822186.39;1161727.4;1171382.98
UNIODONTO DE LONDRINA COOP. ODONTOLÃGICA;PR;41766551.92;673654.06;952679.29
CAIXA DE ASSISTÃNCIA DOS EMPREGADOS DO SETOR PÃBLICO DO ESTADO DE GOIÃS - CAEME;GO;41172728.07;1247658.43;1403425.72
CAMIM OPERADORA DE PLANO DE SAÃDE LTDA;RJ;41048293.5;2280460.75;947914.23
DENTAL CENTER LTDA;PB;41044197.18;1710174.88;1025421.57
RODRIGUES LEIRA ODONTOLOGIA LTDA.;SP;40398856.43;1346628.55;1042434.19
UNIODONTO JACAREÃ COOPERATIVA ODONTOLÃGICA;SP;40266341.67;774352.72;787961.05
ASSOCIAÃÃO SAÃDE RURAL ALEGRETE;RS;39752673.02;946492.21;1319774.18
SD-M OPERADORA DE PLANOS DE SAUDE LTDA;RJ;39479986.8;2193332.6;986910.11
ASSOCIACAO DOS SERVIDORES DA EMDAGRO - ASSEM;SE;39284836.96;1571393.48;1296863.74
SAMIG - SERV. DE ASSISTENCIA MEDICA DA ILHA DO GOVERNADOR LTDA;RJ;39128520.14;1150838.83;949350.04
ASSOCIAÃÃO POLICIAL DE ASSISTÃNCIA Ã SAÃDE DE JAÃ;SP;38420512.17;619685.68;1046162.3
ASSOCIAÃÃO POLICIAL DE ASSISTENCIA A SAUDE DE BOTUCATU;SP;38040078.93;1152729.66;1371184.03
ASSOCIAÃÃO POLICIAL DE ASSISTÃNCIA Ã SAÃDE APAS;SP;37601001.16;2088944.51;579209.88
DENTAL MASTER LTDA - EPP;AL;36632064.5;1526336.02;1113844.74
UNIODONTO DE PRESIDENTE PRUDENTE COOPERATIVA ODONTOLOGICA;SP;36340490.98;504729.04;836058.18
VALE PLANOS DE SAÃDE LTDA;PE;35849961.72;1629543.71;1154340.87
PLANO DE ASSISTÃNCIA MÃDICA MINEIRA LTDA;MG;35105554.12;688344.2;934797.92
HSMED SAUDE LTDA;RJ;34914378.84;484921.93;566988.51
SANTA CASA DE MISERICÃRDIA E ASILO DOS POBRES DE BATATAIS;SP;34440115.83;310271.31;518014.32
UNIMED NORTE/NORDESTE-FEDERAÃÃO INTERFEDERATIVA DAS SOCIEDADES COOPERATIVAS DE TRABALHO MÃDICO EM RECUPERAÃÃO JUDICIAL;PB;34114966.12;812261.1;567394.1
ODONT-OPERADORA ODONTOLOGICA LTDA;SP;33687102.53;623835.23;821625.28
MH VIDA - OPERADORA DE PLANOS DE SAÃDE LTDA;RJ;33191687.31;1185417.4;1075772.83
BENEFICENCIA SOCIAL BOM SAMARITANO;MG;32639287.33;375164.22;583498.72
ODONTOLIVE OPERADORA DE PLANOS ODONTOLÃGICOS LTDA.;SP;32423984.43;1080799.48;871100.05
ASSOCIAÃÃO POLICIAL DE ASSISTÃNCIA Ã SAÃDE - VALE DO RIBEIRA;SP;31918725.35;354652.5;729598.22
DENTAL GOLD ASSISTÃNCIA ODONTOLÃGICA LTDA.;PB;31918309.41;1329929.56;729911.8
UNIODONTO RS FEDERACAO DAS UNIODONTOS DO RGS LTDA;RS;31234791.66;694106.48;849571.02
DENTAL PLUS CONVÃNIO ODONTOLÃGICO LTDA.;SP;31146702.82;1038223.43;882317.04
UNIODONTO DE SERTAOZINHO SP COOPERATIVA ODONTOLOGICA;SP;30047070.18;1001569.01;762193.67
COOPERATIVA DE TRABALHO ODONTOLOGICO - UNIODONTO ITAJUBÃ;MG;27562951.6;574228.16;628360.83
SALUSMED OPERADORA DE PLANOS DE SAUDE LTDA;SP;27074191.41;1128091.31;950810.78
ASSOC DE ASSIST Ã SAÃDE DOS SERV DAS UNIV E INST FED, EST E/OU FAC PART EM PE;PE;26662296.0;952224.86;817172.56
YOU ASSISTÃNCIA MÃDICA LTDA.;MG;26247338.64;2624733.86;1490764.12
UNIODONTO DE PINDAMONHANGABA COOP ODONTOLOGICA;SP;26084766.39;501630.12;566838.18
ASSOCIAÃÃO PADRE PIO PLANOS DE SAÃDE;SP;24811920.0;636203.08;774150.76
ÃNIX OPERADORA DE PLANOS DE SAÃDE LTDA;RJ;24479678.42;543992.85;595435.7
PORTO DIAS SAUDE LTDA.;PA;24177843.5;619944.71;798922.14
ASSOCIAÃÃO SERVIÃOS ODONTOLÃGICOS DA INDÃSTRIA DE MINAS GERAIS - ODONTOINDUSTRIA;MG;23380750.32;1298930.57;599287.79
PREVENT SENIOR CORPORATE OPERADORA DE SAÃDE LTDA.;SP;22933546.71;1274085.93;461932.61
CENTRO DE ENDOCRINOLOGIA DE JUNDIAÃ S/S LTDA;SP;22324976.56;970651.15;685639.1
PLANO DE ASSISTÃNCIA ODONTOLÃGICA FAUCHARD LTDA. ME;BA;21877695.07;911570.63;677104.02
ASSOCIAÃÃO DOS FISCAIS DE TRIBUTOS ESTADUAIS DO RS - AFISVEC;RS;21155909.12;682448.68;732685.96
QUALIDONTO - QUALIDADE EM ODONTOLOGIA LTDA ;BA;19772227.4;823842.81;646431.59
HEALTH-MED SISTEMA DE SAUDE LTDA;RJ;18665898.11;345664.78;444084.71
UNIMED VALE DO PARAÃBA - FEDERAÃÃO INTRAFEDERATIVA DAS COOPERATIVAS MÃDICAS;SP;18509054.79;6169684.93;2327265.31
UNIODONTO DE MATO GROSSO COOP TRAB ODONTOLOGICO LTDA;MT;17194574.8;337148.53;434842.94
ODONTO SEG OPERADORA DE PLANOS ODONTOLOGICOS S.A.;SP;16500590.93;916699.5;346655.84
MEDHEALTH PLANOS DE SAÃDE LTDA;PR;16205539.08;337615.4;726049.5
FUNDO DE ASSISTÃNCIA Ã SAÃDE DOS FUNCIONÃRIOS DO BEC;CE;16112493.86;374709.16;1362024.12
PD BRASIL ASSISTENCIA ODONTOLOGICA LTDA;MG;15693622.54;653900.94;461317.04
BLUZZ SAÃDE S/A;ES;13636624.98;257294.81;348344.21
HOSPITAL DE CARIDADE SÃO VICENTE DE PAULO;PR;12685223.49;528550.98;165311.77
SAME-SERVIÃO DE ASSISTÃNCIA MÃDICA EMPRESARIAL LTDA.;MA;12285139.69;372276.96;396735.43
SANTA CASA DA MISERICÃRDIA DE SÃO JOÃO DEL REI;MG;11997623.4;333267.32;307408.32
SISTEMA PREVSAUDE DENTAL LTDA;CE;11436076.68;285901.92;317518.86
ODILE SERVIÃOS DE SAÃDE LTDA.;SP;11360289.66;631127.2;276736.92
SORRIDEN CONVÃNIOS ODONTOLÃGICOS S.A.;SP;10924076.28;455169.84;327133.24
CASA DE SAÃDE NOSSA SENHORA DE FÃTIMA  LTDA.;CE;10851402.0;602855.67;272148.39
INNOVA PLANO DE SAUDE LTDA;RO;10341057.48;861754.79;578947.95
NOVODENTE S/A;RS;10027187.04;835598.92;704740.72
CROWN ODONTOLOGIA DE GRUPO LTDA;SP;9859547.46;428675.98;319973.39
INFINITY SAÃDE SUPLEMENTAR LTDA;MT;8500692.98;314840.48;316818.18
BRASIL ODONTO OPERADORA DE PLANOS ODONTOLÃGICOS LTDA;TO;7560672.36;302426.89;211295.23
CAIXA SEGURADORA ESPECIALIZADA EM SAÃDE S/A;SP;6576938.26;285953.84;427317.7
UNIMED ALTO PARANAIBA COOPERATIVA DE TRABALHO MEDICO;MG;6563123.6;95117.73;147755.94
PLAMEDH - PLANO DE ASSISTÃNCIA MÃDICO-HOSPITALAR LTDA;MG;5808717.42;484059.78;101116.79
ODONTO PRIME S/S LTDA;CE;5627914.5;312661.92;136916.79
ZURICH SANTANDER BRASIL ODONTO LTDA.;SP;4801714.86;200071.45;68961.59
ALMA ODONTO OPERADORA DE PLANOS ODONTOLOGICOS LTDA;SP;4600441.21;255580.07;94250.69
PLANO SIGMA SAÃDE LTDA;SP;4551228.0;379269.0;2939.87
POLIMÃDICA SAÃDE SOCIEDADE SIMPLES LTDA;RS;4535830.44;119363.96;128662.85
EXCELÃNCIA PLANO DE SAÃDE S/A;ES;4509338.52;204969.93;231070.42
ASSISTÃNCIA MÃDICA 12 DE OUTUBRO LTDA;SP;4177232.46;232068.47;118903.9
G & M ASSESSORIA MEDICA EMPRESARIAL LTDA;RJ;4126285.09;73683.66;108444.5
BEMSTAR ASSISTENCIA MEDICA LTDA;BA;3825335.91;136619.14;74006.31
SAUDIA ASSISTENCIA MÃDICA LTDA;MG;3565163.82;82910.79;97568.42
SMART CARE SISTEMAS MÃDICOS E ODONTOLÃGICOS LTDA.;SP;3261946.8;271828.9;6834.67
LIVRI OPERADORA DE PLANO DE SAÃDE LTDA;SP;1862576.34;103476.46;41583.24
CLÃNICA SÃO GABRIEL S/S LTDA;SP;1207024.2;43108.01;23476.51
SAGRADA SAÃDE ASSISTÃNCIA MÃDICA LTDA;MG;669161.78;37175.65;30322.42
SOCIODONTO PLANO DE ASSISTÃNCIA ODONTOLÃGICA LTDA;MG;374609.58;31217.46;26374.88
SAUDE SALV ASSISTENCIA MEDICA LTDA;RO;214292.7;35715.45;0.0
UNIMED PARAIBA - FEDERAÃAO DAS SOCIEDADES COOPERATIVAS DE TRABALHO MEDICO;PB;40001.7;2222.32;1649.27
ARL ADMINISTRADORA DE BENEFÃCIOS LTDA.;SP;34080.0;2840.0;0.0
